{"Industry":{"0":"Employment Services","1":"Staffing & Employment Services","2":"Oil & Gas - Midstream","3":"Packaging & Containers","4":"Transportation & Logistics","5":"Forest Products","6":"Waste Management","7":"Personal Services","8":"Lodging","9":"Retail - Apparel & Specialty"},"ESG Risk Score":{"0":12.0,"1":12.0,"2":28.71,"3":19.86,"4":21.0,"5":19.0,"6":24.6,"7":15.0,"8":19.0,"9":16.12},"Environment Risk Score":{"0":0.05,"1":0.0,"2":13.06,"3":13.23,"4":6.57,"5":10.9,"6":12.54,"7":0.0,"8":7.0,"9":2.55},"Social Risk Score":{"0":8.2,"1":9.0,"2":11.36,"3":2.27,"4":10.01,"5":3.8,"6":7.16,"7":10.0,"8":7.0,"9":8.14},"Governance Risk Score":{"0":3.95,"1":4.0,"2":4.23,"3":4.43,"4":4.55,"5":4.8,"6":4.92,"7":5.0,"8":5.0,"9":5.43},"2019 Performance":{"0":30.12,"1":35.79,"2":25.61,"3":29.2,"4":25.7,"5":38.15,"6":36.12,"7":14.33,"8":12.5,"9":19.58},"Market Cap":{"0":6290000000.0,"1":9640000000.0,"2":37817142857.1399993896,"3":11655714285.7099990845,"4":52050000000.0,"5":22400000000.0,"6":25814000000.0,"7":8830000000.0,"8":10100000000.0,"9":52331600000.0},"Latitude":{"0":40.25,"1":52.34,"2":37.67,"3":38.71,"4":39.68,"5":47.61,"6":39.61,"7":29.76,"8":48.82,"9":39.2},"Longitude":{"0":-105.04,"1":4.96,"2":-100.89,"3":-85.45,"4":-92.7,"5":-122.33,"6":-74.49,"7":-95.37,"8":2.27,"9":-82.84}}