{"Industry":{"0":"Consulting Services","1":"Advertising Agencies","2":"Staffing & Employment Services","3":"Personal Services","4":"Financial Conglomerates","5":"Employment Services","6":"Advertising & Marketing Services","7":"Credit Services","8":"Biotechnology","9":"Education"},"ESG Risk Score":{"0":16.0,"1":15.5,"2":12.0,"3":15.0,"4":14.0,"5":12.0,"6":17.0,"7":21.22,"8":26.0,"9":15.5},"Environment Risk Score":{"0":0.0,"1":0.0,"2":0.0,"3":0.0,"4":0.0,"5":0.05,"6":0.1,"7":0.12,"8":0.15,"9":0.2},"Social Risk Score":{"0":10.0,"1":8.0,"2":9.0,"3":10.0,"4":4.0,"5":8.2,"6":10.05,"7":12.11,"8":17.67,"9":9.45},"Governance Risk Score":{"0":7.0,"1":7.5,"2":4.0,"3":5.0,"4":10.0,"5":3.95,"6":7.0,"7":9.0,"8":8.43,"9":5.65},"2019 Performance":{"0":30.67,"1":-5.78,"2":35.79,"3":14.33,"4":23.1,"5":30.12,"6":11.3,"7":30.6,"8":10.78,"9":100.94},"Market Cap":{"0":11200000000.0,"1":7335000000.0,"2":9640000000.0,"3":8830000000.0,"4":6550000000.0,"5":6290000000.0,"6":12750000000.0,"7":126264444444.4400024414,"8":45657272727.2699966431,"9":24150000000.0},"Latitude":{"0":48.88,"1":48.87,"2":52.34,"3":29.76,"4":40.71,"5":40.25,"6":40.71,"7":39.85,"8":41.46,"9":39.9},"Longitude":{"0":2.27,"1":2.31,"2":4.96,"3":-95.37,"4":-74.01,"5":-105.04,"6":-74.01,"7":-87.71,"8":-76.77,"9":116.41}}