{"Industry":{"0":"Insurance\u00e2\u20ac\u201dDiversified","1":"Packaging & Containers","2":"Semiconductor Equipment & Materials","3":"Furnishings, Fixtures & Appliances","4":"REIT\u2014Diversified","5":"Forest Products","6":"Luxury Goods","7":"Financial Conglomerates","8":"Auto Parts","9":"Footwear & Accessories"},"ESG Risk Score":{"0":13.0,"1":19.86,"2":13.0,"3":15.0,"4":12.0,"5":19.0,"6":11.0,"7":14.0,"8":14.5,"9":12.0},"Environment Risk Score":{"0":1.0,"1":13.23,"2":4.0,"3":5.0,"4":2.5,"5":10.9,"6":1.0,"7":0.0,"8":3.0,"9":1.0},"Social Risk Score":{"0":1.0,"1":2.27,"2":3.0,"3":3.0,"4":3.5,"5":3.8,"6":4.0,"7":4.0,"8":4.5,"9":5.0},"Governance Risk Score":{"0":12.0,"1":4.43,"2":6.0,"3":7.0,"4":6.0,"5":4.8,"6":6.0,"7":10.0,"8":7.0,"9":7.0},"2019 Performance":{"0":0.33,"1":29.2,"2":92.26,"3":17.38,"4":33.06,"5":38.15,"6":44.88,"7":23.1,"8":24.48,"9":42.18},"Market Cap":{"0":557000000000.0,"1":11655714285.7099990845,"2":113000000000.0,"3":5970000000.0,"4":8365000000.0,"5":22400000000.0,"6":116333333333.3300018311,"7":6550000000.0,"8":12750000000.0,"9":70200000000.0},"Latitude":{"0":41.26,"1":38.71,"2":51.42,"3":45.77,"4":48.97,"5":47.61,"6":48.86,"7":40.71,"8":47.32,"9":48.86},"Longitude":{"0":-95.93,"1":-85.45,"2":5.41,"3":4.78,"4":4.23,"5":-122.33,"6":2.35,"7":-74.01,"8":2.72,"9":2.35}}